{"epoch": 3, "loss": 0.1333211064338684, "_timestamp": 1719252360.382447, "_runtime": 5784.986452102661, "_step": 932, "f1_score": 0.9401730531520397, "_wandb": {"runtime": 5811}}