{"epoch": 1, "loss": 0.4993882477283478, "_timestamp": 1719274443.1959639, "_runtime": 99.66624283790588, "_step": 38, "_wandb": {"runtime": 103}}