{"epoch": 3, "loss": 0.06672563403844833, "_timestamp": 1719276441.741948, "_runtime": 1986.8316559791565, "_step": 932, "f1_score": 0.9314343845371312, "_wandb": {"runtime": 2020}}