{"epoch": 3, "loss": 0.1536499410867691, "_timestamp": 1719274006.931104, "_runtime": 2134.598989009857, "_step": 932, "f1_score": 0.9402597402597404}