{"epoch": 3, "loss": 0.05479399487376213, "_timestamp": 1719323271.087327, "_runtime": 2185.140580892563, "_step": 932, "f1_score": 0.931283721877227, "_wandb": {"runtime": 2213}}