{"epoch": 3, "loss": 0.06351275742053986, "_timestamp": 1719240623.333201, "_runtime": 1688.011234998703, "_step": 740, "_wandb": {"runtime": 1844}}